source,target,weight
ALA1,ALA2,2
ALA1,LEU301,1
ALA2,ALA3,2
ALA2,LEU301,2
LEU301,ASN253,3
LEU301,GLN299,1
LEU301,LEU300,4
ALA3,GLN4,3
ALA3,LEU9,3
GLN4,SER5,2
GLN4,GLN8,2
LEU9,SER5,1
LEU9,VAL6,1
LEU9,ASP7,1
LEU9,GLN8,2
LEU9,ILE10,5
LEU9,ALA12,1
LEU9,ARG13,3
LEU9,VAL249,1
LEU9,ASN253,2
SER5,VAL6,2
SER5,ASP7,1
SER5,GLN8,2
SER5,TYR294,6
GLN8,ASP7,3
GLN8,ALA12,1
VAL6,ASP7,3
VAL6,VAL249,3
VAL6,LEU283,1
VAL6,TYR294,1
ASP7,ILE10,1
ASP7,PHE18,4
ASP7,ASP39,3
ASP7,TYR294,4
TYR294,ALA38,2
TYR294,PHE284,8
TYR294,PRO290,1
TYR294,LYS291,1
TYR294,ALA293,2
TYR294,ASN295,2
VAL249,THR246,1
VAL249,TYR248,7
VAL249,ASP250,3
VAL249,VAL252,1
VAL249,ASN253,2
VAL249,ILE297,1
VAL249,GLN299,4
LEU283,VAL269,3
LEU283,PRO281,2
LEU283,LEU282,4
LEU283,PHE284,11
LEU283,LYS291,2
LEU283,ALA293,3
ILE10,ASP11,3
ILE10,ARG13,1
ILE10,LYS15,3
ILE10,VAL16,1
ILE10,TYR17,1
ILE10,LEU256,2
ILE10,ILE264,2
PHE18,TYR17,4
PHE18,GLY19,3
PHE18,VAL20,1
PHE18,ASP39,1
PHE18,GLY41,1
PHE18,GLN42,1
PHE18,VAL266,2
PHE18,PHE284,1
ASP39,ALA38,2
ASP39,PHE40,6
ALA12,ASP11,2
ALA12,ARG13,3
ALA12,GLY14,1
ARG13,GLY14,1
ARG13,LYS15,3
ARG13,ASN253,5
ARG13,LEU256,4
ASN253,ASP250,2
ASN253,VAL251,1
ASN253,VAL252,2
ASN253,ALA254,2
ASN253,LEU256,1
ASP11,GLY14,1
LYS15,GLY14,4
LYS15,VAL16,3
LYS15,LEU256,2
LYS15,VAL258,1
LYS15,CYS261,6
LYS15,ILE262,2
VAL16,TYR17,6
VAL16,ILE262,3
TYR17,GLY41,1
TYR17,GLN42,6
TYR17,ILE262,3
TYR17,GLY263,3
TYR17,ILE264,2
LEU256,ILE235,1
LEU256,VAL252,3
LEU256,CYS255,4
LEU256,ASP257,2
LEU256,CYS261,1
ILE264,GLY19,1
ILE264,ILE235,2
ILE264,LEU238,1
ILE264,VAL252,1
ILE264,GLY263,3
ILE264,THR265,3
VAL258,LEU222,2
VAL258,PRO223,3
VAL258,ALA226,1
VAL258,ASP257,2
VAL258,ASP259,3
VAL258,CYS261,2
CYS261,ILE235,2
CYS261,SER260,2
CYS261,ILE262,3
ILE262,GLU232,6
ILE262,VAL233,1
ILE262,GLY263,1
GLY41,PHE40,1
GLY41,GLN42,2
GLY41,LEU79,1
GLN42,VAL43,5
GLN42,ILE80,1
GLN42,ARG81,7
GLN42,THR265,1
GLY263,ILE235,1
GLY19,VAL20,3
GLY19,THR265,2
GLY19,VAL266,2
VAL20,ALA21,3
VAL20,THR22,2
VAL20,VAL266,1
VAL20,PHE284,1
VAL20,PHE288,2
VAL266,GLU237,1
VAL266,THR265,4
VAL266,TRP267,2
VAL266,VAL269,3
PHE284,ALA38,2
PHE284,VAL269,1
PHE284,ALA270,2
PHE284,ASP271,1
PHE284,ASP285,2
PHE284,PHE288,13
PHE284,LYS291,3
THR265,ILE235,1
THR265,GLU237,2
THR265,LEU238,1
ALA21,THR22,3
ALA21,ARG26,1
THR22,ASP23,2
THR22,ASN32,4
THR22,VAL43,1
THR22,THR44,2
THR22,TRP72,2
PHE288,ALA38,2
PHE288,PHE40,4
PHE288,ASP285,1
PHE288,ASN287,2
PHE288,ASN289,3
ARG26,ASP23,1
ARG26,GLN24,1
ARG26,ASN25,4
ARG26,LEU27,3
ARG26,GLY30,1
ARG26,LYS31,3
ARG26,ASN32,7
ARG26,GLU46,3
ARG26,PRO272,1
ARG26,ASP273,2
ASP23,GLN24,3
ASP23,ASN25,3
ASP23,LEU27,1
ASP23,PRO45,1
ASP23,GLU46,6
ASP23,ASN47,1
ASP23,SER48,5
ASN32,LEU27,2
ASN32,GLY30,2
ASN32,LYS31,4
ASN32,ALA33,2
VAL43,PHE40,1
VAL43,THR44,2
VAL43,TRP72,2
VAL43,ALA73,1
VAL43,LYS78,2
VAL43,LEU79,2
VAL43,ILE80,2
VAL43,ARG81,1
THR44,PRO45,6
THR44,ARG81,2
TRP72,LEU27,9
TRP72,ALA33,1
TRP72,PHE40,2
TRP72,TYR68,2
TRP72,LEU69,2
TRP72,ASN71,2
TRP72,ALA73,2
TRP72,GLN75,2
TRP72,ASN76,6
GLN24,ASN25,2
GLN24,LEU27,2
GLN24,THR28,1
GLN24,SER48,4
GLN24,GLY65,1
GLN24,ALA66,3
GLN24,TYR68,4
GLN24,LEU69,2
ASN25,GLU46,2
LEU27,THR28,3
LEU27,GLY30,1
LEU27,TYR68,2
LEU27,LEU69,1
PRO45,GLU46,2
PRO45,MET49,4
PRO45,LEU69,1
PRO45,ARG81,1
GLU46,ASN47,3
ASN47,SER48,2
ASN47,MET49,2
ASN47,LYS50,5
SER48,MET49,3
SER48,ALA66,3
THR28,THR29,4
GLY65,ALA64,1
GLY65,ALA66,2
GLY65,ASP67,2
ALA66,MET49,4
ALA66,ASP67,3
ALA66,TYR68,1
ALA66,LEU69,1
ALA66,VAL70,1
ALA66,TYR119,3
TYR68,ASP67,2
TYR68,LEU69,2
TYR68,ASN71,3
TYR68,GLN75,1
LEU69,VAL70,4
LEU69,ALA73,1
GLY30,THR29,1
GLY30,LYS31,4
LYS31,THR29,5
LYS31,PRO272,1
LYS31,GLY286,1
LYS31,ASN287,1
PRO272,ALA270,2
PRO272,ASP271,5
PRO272,ASP273,3
PRO272,TRP275,2
ASP273,GLY268,1
ASP273,ALA270,1
ASP273,SER274,2
ASP273,TRP275,1
ASP273,ARG276,3
ASP273,ALA277,1
GLY286,ASP271,1
GLY286,ASP285,1
GLY286,ASN287,4
ASN287,ILE35,1
ASN287,ASP285,3
ASN287,ASN289,4
ALA33,ALA34,2
ALA33,ILE35,1
ALA34,ILE35,3
ALA34,ASN76,1
ILE35,ILE36,4
ILE35,GLN37,4
ASN76,ALA73,1
ASN76,GLN75,5
ASN76,GLY77,1
ASN76,LYS78,4
ILE36,GLN37,3
ILE36,PHE40,2
GLN37,ALA38,2
GLN37,ASN289,2
GLN37,PRO290,3
PHE40,LYS78,11
ASN289,ASP285,5
ASN289,PRO290,5
PRO290,LYS291,3
LYS78,ALA73,2
LYS78,GLY77,4
LYS78,LEU79,3
LEU79,ILE80,3
ILE80,VAL70,2
ILE80,ALA73,2
ILE80,ARG81,3
ILE80,ILE123,3
ILE80,ARG124,1
ILE80,ALA125,1
ARG81,GLY82,2
ARG81,ILE123,1
ARG81,ASP127,4
ARG81,THR236,2
ARG81,GLU237,2
ALA73,VAL70,1
ALA73,GLN74,3
ALA73,GLY77,1
MET49,LYS50,3
MET49,TYR119,3
MET49,TRP126,1
LYS50,TRP51,2
LYS50,THR84,2
LYS50,ILE115,1
TYR119,ASP67,1
TYR119,VAL70,3
TYR119,ILE115,1
TYR119,MET116,1
TYR119,ARG118,13
TYR119,ILE120,3
TYR119,LYS122,1
TYR119,ILE123,2
TRP126,GLY82,3
TRP126,HIS83,1
TRP126,LEU85,6
TRP126,ILE115,1
TRP126,MET116,4
TRP126,ILE123,4
TRP126,ALA125,3
TRP126,ASP127,3
TRP126,VAL128,1
TRP126,ALA167,1
TRP126,LYS168,1
TRP126,TYR170,2
TRP51,ASP52,2
TRP51,GLN58,1
TRP51,THR84,1
TRP51,LEU85,1
TRP51,VAL86,6
TRP51,TRP94,8
TRP51,HIS111,2
TRP51,ILE112,2
TRP51,ILE115,1
TRP51,PHE144,3
THR84,HIS83,4
THR84,LEU85,4
THR84,TRP87,2
THR84,ASN130,2
ILE115,LEU85,1
ILE115,ILE112,1
ILE115,THR113,1
ILE115,THR114,3
ILE115,MET116,3
ILE115,ARG118,2
ASP52,ALA53,2
ASP52,THR54,2
ASP52,GLN58,4
ASP52,GLN90,2
ASP52,PRO92,1
ASP52,SER93,4
GLN58,ALA53,6
GLN58,GLU55,2
GLN58,PRO56,1
GLN58,SER57,2
GLN58,GLY59,1
GLN58,ASN60,1
GLN58,PHE63,3
GLN58,TRP94,5
GLN58,HIS111,1
LEU85,VAL86,3
LEU85,MET116,2
LEU85,ASP127,1
LEU85,VAL128,2
LEU85,ASN130,1
VAL86,TRP87,2
VAL86,HIS88,3
VAL86,ILE112,1
VAL86,ASN130,1
VAL86,TYR152,1
VAL86,ALA156,1
TRP94,PRO92,9
TRP94,SER93,3
TRP94,VAL95,2
TRP94,VAL107,6
TRP94,HIS111,15
TRP94,PHE144,3
HIS111,VAL107,3
HIS111,MET108,1
HIS111,ASN110,6
HIS111,ILE112,4
ILE112,MET108,1
ILE112,LYS109,1
ILE112,ASN110,2
ILE112,THR113,3
ILE112,MET116,2
ILE112,THR159,3
ILE112,ALA160,1
PHE144,PRO92,1
PHE144,LEU104,1
PHE144,MET108,13
PHE144,THR142,7
PHE144,VAL143,7
PHE144,ASN145,3
PHE144,ASN146,1
PHE144,VAL147,2
PHE144,ILE148,1
PHE144,TYR152,4
ALA53,THR54,2
ALA53,GLU55,1
ALA53,PHE63,2
THR54,GLU55,2
THR54,SER93,1
GLN90,TRP87,13
GLN90,HIS88,1
GLN90,SER89,2
GLN90,LEU91,3
PRO92,LEU91,5
PRO92,SER93,2
PRO92,VAL95,3
SER93,GLU55,1
SER93,PRO56,1
SER93,VAL95,1
SER93,VAL96,1
GLU55,PRO56,7
GLU55,SER57,3
GLU55,PHE63,4
PHE63,ASN60,5
PHE63,ASN62,2
PHE63,ALA64,2
PRO56,SER57,2
SER57,GLY59,1
SER57,ASN60,1
GLY59,ASN60,3
GLY59,THR114,1
ASN60,PHE61,3
ASN60,ASN62,2
THR114,ASN110,5
THR114,THR113,3
PHE61,ASN62,4
PHE61,ARG118,2
ARG118,ASP67,4
ARG118,MET116,1
ARG118,THR117,2
ASP67,VAL70,1
VAL70,ASN71,2
VAL70,GLN74,3
VAL70,ILE123,1
ASN71,GLN74,2
ASN71,GLN75,4
GLN75,GLN74,3
GLN75,GLY77,1
GLN74,GLY77,1
GLN74,LYS122,5
ILE123,LYS122,5
ILE123,ARG124,2
ILE123,ALA125,1
ILE123,ASN166,1
ILE123,ALA167,1
LYS122,GLY121,3
ARG124,ALA125,3
ARG124,ALA167,1
ARG124,LYS168,3
ARG124,GLU232,2
ALA125,GLY82,1
ALA125,TYR170,1
GLY82,HIS83,2
GLY82,ASP127,1
ASP127,HIS83,1
ASP127,VAL128,3
ASP127,ASN130,4
ASP127,ASN172,4
THR236,ASN172,2
THR236,SER206,2
THR236,GLN207,1
THR236,THR208,3
THR236,ALA234,1
THR236,ILE235,3
THR236,GLU237,5
GLU237,GLN207,2
GLU237,THR208,1
GLU237,LEU238,2
GLU237,TRP267,4
HIS83,ASN130,3
HIS83,GLN207,4
ASN130,HIS88,2
ASN130,VAL128,1
ASN130,VAL129,5
ASN130,GLU131,3
ASN130,ASN172,1
GLN207,ASN172,3
GLN207,ASP173,1
GLN207,TYR174,3
GLN207,ASN175,1
GLN207,LEU176,1
GLN207,SER206,4
GLN207,THR208,2
TRP87,HIS88,4
TRP87,SER89,3
TRP87,GLU131,3
MET116,THR117,2
MET116,ALA160,4
MET116,ALA163,3
MET116,ASP164,2
MET116,LEU169,1
VAL128,VAL129,3
VAL128,PHE157,5
VAL128,ALA160,2
VAL128,LEU169,3
VAL128,TYR170,1
HIS88,SER89,2
HIS88,VAL129,1
HIS88,GLU131,1
HIS88,ALA132,3
HIS88,ARG140,6
HIS88,THR142,3
HIS88,TYR152,2
HIS88,ILE153,1
TYR152,MET108,4
TYR152,THR142,2
TYR152,ASN145,3
TYR152,ILE148,2
TYR152,GLU150,3
TYR152,ASP151,2
TYR152,ILE153,12
TYR152,PRO154,1
TYR152,ILE155,1
TYR152,ALA156,1
ALA156,ILE153,2
ALA156,ILE155,2
ALA156,PHE157,3
ALA156,THR159,2
ALA156,ALA160,1
SER89,GLU131,3
GLU131,ALA132,2
GLU131,ASN172,1
GLU131,ASP173,1
GLU131,TYR174,2
VAL129,ALA132,1
VAL129,ILE153,1
VAL129,PHE157,2
VAL129,ILE171,4
VAL129,ASN172,1
ALA132,PHE133,6
ALA132,LEU139,2
ALA132,ARG140,2
ALA132,ASP173,1
ARG140,ASN134,3
ARG140,LEU139,3
ARG140,GLN141,6
THR142,GLN141,3
THR142,VAL143,3
THR142,ASN145,5
ILE153,LEU139,1
ILE153,GLU150,1
ILE153,PRO154,5
ILE153,PHE157,4
LEU91,VAL143,2
VAL143,VAL95,1
VAL143,ASN146,2
VAL95,VAL96,3
VAL95,ILE98,1
VAL95,LEU104,2
VAL96,SER97,2
VAL107,THR103,1
VAL107,LEU104,2
VAL107,ASN106,2
VAL107,MET108,2
VAL107,ASN110,2
ILE98,SER97,5
ILE98,THR99,3
ILE98,ASP100,1
ILE98,THR103,3
ILE98,LEU104,1
LEU104,ASP100,2
LEU104,LYS101,2
LEU104,THR103,2
LEU104,THR105,2
LEU104,MET108,1
LEU104,VAL147,1
SER97,THR99,1
THR99,ASP100,2
ASP100,LYS101,3
ASP100,ASN102,1
ASP100,THR103,3
THR103,ASN102,2
THR103,ASN106,2
LYS101,ASN102,3
LYS101,THR105,2
LYS101,ASN146,1
LYS101,VAL147,3
ASN102,THR105,1
ASN102,ASN106,2
THR105,ASN106,4
THR105,MET108,3
THR105,LYS109,1
THR105,ILE148,1
ASN146,ASN145,2
ASN146,VAL147,3
VAL147,ILE148,5
ASN106,LYS109,1
ASN106,ASN110,1
MET108,LYS109,3
MET108,ILE148,1
LYS109,ASN110,2
LYS109,THR113,1
LYS109,ILE155,2
ILE148,GLY149,1
ILE148,ASP151,1
ILE148,ILE155,1
ASN110,THR113,1
THR113,THR117,2
THR113,THR159,1
THR113,ALA163,2
ILE155,ASP151,1
ILE155,PRO154,3
ILE155,ARG158,1
ILE155,THR159,2
THR159,PHE157,1
THR159,ARG158,2
THR159,ALA160,2
THR159,ALA162,1
THR159,ALA163,1
ALA160,ARG161,2
ALA160,ALA162,1
ALA160,ALA163,2
ALA160,ASP164,1
ALA160,LEU169,3
THR117,ILE120,4
ALA163,ALA162,2
ALA163,ASP164,2
ASP164,GLY121,1
ASP164,ALA162,1
ASP164,PRO165,6
ASP164,ASN166,4
ASP164,ALA167,2
LEU169,ARG161,3
LEU169,LYS168,3
LEU169,TYR170,4
LEU169,ASP202,3
LEU169,GLY203,1
ILE120,GLY121,1
GLY121,ASN166,3
ASN166,PRO165,2
ASN166,ALA167,3
ALA167,LYS168,3
LYS168,TYR170,3
LYS168,ASP202,3
LYS168,GLU232,4
GLU232,TYR170,2
GLU232,ASP202,1
GLU232,ILE204,1
GLU232,THR230,2
GLU232,PRO231,3
GLU232,VAL233,3
TYR170,ILE171,2
TYR170,GLY203,4
TYR170,ILE204,2
TYR170,ALA234,3
ASN172,ILE171,2
ASN172,ASP173,3
ASN172,GLY205,2
ASN172,SER206,2
PHE157,PRO154,1
PHE157,ARG158,3
PHE157,ARG161,1
PHE157,ILE171,2
PHE157,TRP194,1
PHE157,VAL199,3
PHE157,ILE201,7
ILE171,VAL191,3
ILE171,TRP194,1
ILE171,ILE201,1
ILE171,GLY203,1
ILE171,ILE204,3
ILE171,GLY205,1
ASP173,PHE133,2
ASP173,TYR174,3
ASP173,LYS183,2
ASP173,ILE187,1
TYR174,ASN175,4
TYR174,LYS183,1
PHE133,ASN134,2
PHE133,LEU139,5
PHE133,LYS183,2
PHE133,ALA186,2
PHE133,ILE187,3
PHE133,ARG190,3
LEU139,ASN134,3
LEU139,SER138,3
LEU139,GLN141,1
LEU139,ARG190,2
ASN134,GLU135,2
ASN134,ASP136,1
ASN134,GLY137,1
ASN134,SER138,4
ASN134,LYS183,1
LYS183,GLU135,1
LYS183,PRO182,2
LYS183,THR184,2
LYS183,ALA186,1
LYS183,ILE187,1
ALA186,GLY137,1
ALA186,PRO182,1
ALA186,SER185,2
ALA186,ILE187,4
ALA186,LYS189,1
ALA186,ARG190,1
ILE187,THR184,2
ILE187,VAL188,4
ILE187,VAL191,2
ILE187,ILE204,1
ARG190,LYS189,2
ARG190,VAL191,3
ARG190,LYS193,2
ARG190,TRP194,8
GLU135,ASP136,3
GLU135,GLY137,1
ASP136,GLY137,1
ASP136,SER138,3
GLY137,SER138,2
GLN141,ASN145,1
ASN145,GLY149,2
GLY149,GLU150,4
ASP151,GLU150,3
ASP151,PRO154,2
PRO154,ARG158,3
PRO154,VAL199,2
VAL199,TRP194,6
VAL199,GLY198,3
VAL199,PRO200,6
VAL199,ILE201,1
ARG161,ALA162,2
ARG161,PRO200,2
ARG161,ASP202,2
TRP194,VAL191,5
TRP194,LYS193,4
TRP194,ARG195,2
TRP194,ILE201,2
ILE201,VAL191,1
ILE201,ARG195,2
ILE201,PRO200,3
ILE201,ASP202,3
ILE201,THR230,1
ASP202,GLY203,1
ASP202,THR230,2
GLY203,ILE204,3
ILE204,VAL188,1
ILE204,GLY205,1
ILE204,ALA228,2
ILE204,VAL233,1
ILE204,ALA234,1
ALA234,SER206,1
ALA234,VAL233,2
ALA234,ILE235,3
VAL191,VAL188,1
VAL191,LYS192,2
VAL191,ARG195,2
GLY205,SER206,3
SER206,LEU176,2
SER206,THR208,1
ASN175,LEU176,3
ASN175,HIS209,4
LEU176,ASP177,2
LEU176,SER178,1
LEU176,THR184,2
LEU176,HIS209,1
LEU176,ILE218,2
LEU176,LEU225,3
HIS209,ASP177,1
HIS209,THR208,2
HIS209,LEU210,4
HIS209,SER211,1
HIS209,ASP239,7
HIS209,ILE240,1
HIS209,ALA241,1
ASP177,SER178,3
ASP177,LYS181,4
ASP177,ALA216,2
ASP177,SER217,1
ASP177,ILE218,2
SER178,ALA179,3
SER178,SER180,1
SER178,LYS181,1
SER178,THR184,1
SER178,SER217,1
SER178,ALA221,1
THR184,LYS181,2
THR184,SER185,2
THR184,ALA221,1
ILE218,THR208,2
ILE218,ALA216,1
ILE218,SER217,4
ILE218,ASP219,3
ILE218,ALA221,2
ILE218,LEU222,1
ILE218,LEU238,1
ILE218,VAL251,2
ILE218,CYS255,2
LEU225,ALA221,2
LEU225,LEU222,3
LEU225,ASN224,2
LEU225,ALA226,2
LEU225,SER227,1
LEU225,ALA228,1
LEU225,VAL233,3
LYS181,ALA179,1
LYS181,SER180,3
LYS181,PRO182,5
LYS181,SER185,1
ALA216,LEU210,1
ALA216,GLY215,2
ALA216,SER217,2
SER217,ALA179,1
SER217,ASP219,1
SER217,ALA220,1
SER217,ALA221,2
ALA179,SER180,2
ALA179,ALA221,1
ALA221,ALA220,2
ALA221,LEU222,2
ALA221,PRO223,1
ALA221,ASN224,1
PRO182,SER185,1
SER185,VAL188,2
SER185,LYS189,1
VAL188,LYS189,3
VAL188,LYS192,1
VAL188,ASN224,3
VAL188,ALA228,2
LYS189,LYS193,1
LYS192,LYS193,2
LYS192,ARG195,1
LYS192,ALA196,1
LYS192,SER227,1
LYS192,ALA228,3
ASN224,PRO223,2
ASN224,ALA226,1
ASN224,SER227,4
ALA228,SER227,2
ALA228,GLY229,1
LYS193,ALA196,2
LYS193,ALA197,2
ARG195,ALA196,2
ARG195,GLY198,1
ARG195,GLY229,2
ARG195,THR230,1
ALA196,ALA197,2
ALA196,GLY198,1
SER227,PRO223,1
SER227,ALA226,2
SER227,GLY229,1
ALA197,GLY198,1
GLY229,THR230,3
THR230,PRO231,5
VAL233,LEU222,1
VAL233,SER260,3
THR208,ILE235,2
THR208,LEU238,5
THR208,ASP239,1
ILE235,LEU222,2
ILE235,LEU238,1
ILE235,CYS255,1
LEU238,ASP239,4
LEU238,ILE240,1
LEU238,TRP267,1
ASP239,LEU210,1
ASP239,ILE240,4
ASP239,TRP267,1
LEU210,SER211,2
LEU210,ALA212,2
LEU210,ALA241,1
LEU210,TYR248,4
LEU210,VAL251,3
LEU210,VAL252,1
SER211,ALA212,2
SER211,GLY213,1
SER211,GLN214,2
SER211,GLY215,3
ILE240,ALA241,3
ILE240,ALA243,1
ILE240,TYR248,6
ILE240,VAL269,1
ILE240,THR279,1
ILE240,THR280,1
ILE240,PRO281,6
ALA241,ALA212,1
ALA241,GLY213,1
ALA241,GLY242,1
ALA241,THR279,1
ALA212,GLY213,1
ALA212,GLY242,1
ALA212,ALA243,1
TYR248,THR246,2
TYR248,ASP247,4
TYR248,VAL251,1
TYR248,VAL252,4
TYR248,PRO281,2
VAL251,ASP219,2
VAL251,ASP250,3
VAL251,VAL252,3
VAL251,ALA254,1
VAL251,CYS255,2
VAL252,CYS255,1
GLY213,GLN214,3
GLN214,GLY215,1
GLY242,ALA243,2
ALA243,THR244,3
ALA243,ASP247,2
ASP219,ALA220,3
ASP219,PRO223,1
ASP219,ALA254,3
ASP219,CYS255,1
ALA220,PRO223,1
LEU222,PRO223,5
LEU222,ALA226,1
LEU222,CYS255,1
CYS255,ALA254,2
CYS255,ASP257,1
PRO223,ALA226,2
ALA254,ASP250,1
ALA254,ASP257,2
ALA226,SER260,1
SER260,ASP259,2
TRP267,GLY268,1
TRP267,VAL269,1
TRP267,ARG276,1
TRP267,ALA277,1
VAL269,GLY268,4
VAL269,ALA270,2
VAL269,THR280,1
VAL269,LEU282,1
THR279,SER278,3
THR279,THR280,3
THR280,GLY268,3
THR280,ALA277,2
THR280,PRO281,6
PRO281,SER245,1
PRO281,LEU282,3
PRO281,ALA293,1
THR244,SER245,3
THR244,ASP247,5
ASP247,SER245,1
ASP247,THR246,3
ASP247,GLN299,1
SER245,THR246,3
THR246,ALA293,1
THR246,ALA296,4
THR246,VAL298,2
THR246,GLN299,2
ALA293,LEU282,1
ALA293,PRO292,2
ALA296,PRO292,2
ALA296,ASN295,2
ALA296,ILE297,4
ALA296,VAL298,1
VAL298,ILE297,2
VAL298,GLN299,9
GLN299,ASP250,3
GLN299,ILE297,3
GLN299,LEU300,4
ILE297,ASN295,1
GLY268,ALA270,1
GLY268,ALA277,1
ARG276,TRP275,13
ARG276,ALA277,2
ARG276,SER278,1
ALA277,SER274,1
ALA277,SER278,2
ALA270,ASP271,2
ALA270,SER274,1
ALA270,LEU282,1
LEU282,LYS291,2
ASP271,SER274,3
ASP271,ASP285,1
SER274,TRP275,4
ASP285,LYS291,1
LYS291,PRO292,5
PRO292,ASN295,1
